{
    "Records": [
        {
            "EventSource": "aws:sns",
            "EventVersion": "1.0",
            "EventSubscriptionArn": "arn:aws:sns:us-east-1:123456789012:test-lambda:930cfcfa-a3d8-4e0a-8cbb-16fc52634577",
            "Sns": {
                "Type": "Notification",
                "MessageId": "da41e39f-ea4d-435a-b922-c6aae3915ebe",
                "TopicArn": "arn:aws:sns:us-east-1:123456789012:test-lambda",
                "Subject": "Alarm: \"(BASE GOERLI) Randomness Fulfilled\"",
                "Message": "{\"alarmName\":\"(BASE GOERLI) Randomness Fulfilled\",\"alarmDescription\":\"Alarm when Randomness was fulfilled.\",\"awsAccountId\":\"123456789012\",\"newStateValue\":\"ALARM\",\"newStateReason\":\"Threshold Crossed: 1 datapoint [84531.0 (11/12/23 00:56:00)] was greater than or equal to the threshold (1.0).\",\"stateChangeTime\":\"2023-12-11T00:57:29.842Z\",\"region\":\"US East (N. Virginia)\",\"oldStateValue\":\"OK\",\"trigger\":{\"metricName\":\"(BASE GOERLI) Randomness\",\"namespace\":\"AWS/Random\",\"statisticType\": \"Statistic\",\"statistic\":\"SUM\"}}",
                "Timestamp": "2023-12-11T00:57:29.842Z",
                "SignatureVersion": "1",
                "Signature": "EXAMPLEpH+DcEwjAPg8O9mY8dReBSwksfg2S7WKQcikcNKWLQjwu6A4VbeS0Qz",
                "SigningCertUrl": "EXAMPLEmple.com",
                "UnsubscribeUrl": "EXAMPLEmple.com",
                "MessageAttributes": {
                    "AWS.SNS.NOTIFICATION.AWSACCOUNTID": {
                        "Type": "String",
                        "Value": "123456789012"
                    },
                    "AWS.SNS.NOTIFICATION.NEWSTATEVALUE": {
                        "Type": "String",
                        "Value": "ALARM"
                    },
                    "AWS.SNS.NOTIFICATION.NEWSTATEREASON": {
                        "Type": "String",
                        "Value": "Threshold Crossed: 1 datapoint [84531.0 (11/12/23 00:56:00)] was greater than or equal to the threshold (1.0)."
                    }
                }
            }
        }
    ]
}