{
    "alarmName": "(BASE GOERLI) Randomness Fulfilled",
    "alarmType": "MetricAlarm",
    "timestamp": "2023-12-11T00:57:29.842Z",
    "historyItemType": "StateUpdate",
    "historySummary": "Alarm updated from OK to ALARM",
    "historyData": {
        "version": "1.0",
        "oldState": {
            "stateValue": "OK",
            "stateReason": "Threshold Crossed: 1 datapoint [0.0 (11/12/23 00:55:00)] was not greater than or equal to the threshold (1.0).",
            "stateReasonData": {
                "version": "1.0",
                "queryDate": "2023-12-11T00:56:29.841+0000",
                "startDate": "2023-12-11T00:55:00.000+0000",
                "statistic": "Sum",
                "period": 60,
                "recentDatapoints": [
                    0
                ],
                "threshold": 1,
                "evaluatedDatapoints": [
                    {
                        "timestamp": "2023-12-11T00:55:00.000+0000",
                        "sampleCount": 59,
                        "value": 0
                    }
                ]
            }
        },
        "newState": {
            "stateValue": "ALARM",
            "stateReason": "Threshold Crossed: 1 datapoint [84531.0 (11/12/23 00:56:00)] was greater than or equal to the threshold (1.0).",
            "stateReasonData": {
                "version": "1.0",
                "queryDate": "2023-12-11T00:57:29.840+0000",
                "startDate": "2023-12-11T00:56:00.000+0000",
                "statistic": "Sum",
                "period": 60,
                "recentDatapoints": [
                    84531
                ],
                "threshold": 1,
                "evaluatedDatapoints": [
                    {
                        "timestamp": "2023-12-11T00:56:00.000+0000",
                        "sampleCount": 22,
                        "value": 84531
                    }
                ]
            }
        }
    }
}